title,source,spatial,score,area_km2,share_rect,center_in_state,location
Naturschutz - Zentrum für Artenvielfalt/Lebensräume und Biotopkartierungen/Lebensraumtypen/Magerrasen: Lebensraumtypen der Magerrasen,hlnug-he,BoundingBox,0.37,43911.0,0.0,False,elsewhere
Topographische Karte 1 : 50 000 - Ausgabe Staat (1979-1989) N-33-111-A Grüneberg,govdata,BoundingBox,0.49,300.0,1.0,True,in Brandenburg
Topographische Karte 1 : 50 000 - Ausgabe Staat (1979-1989) N-33-111-B Zehdenick,govdata,BoundingBox,0.49,300.0,1.0,True,in Brandenburg
Topographische Karte 1 : 50 000 - Ausgabe Staat (1979-1989) M-33-18-B Sagar,govdata,BoundingBox,0.49,329.0,0.04975920671152734,False,near Brandenburg (incl. Berlin)
Topographische Karte 1 : 50 000 - Ausgabe Volkswirtschaft (1974-1982) 0510-3 Löcknitz,govdata,BoundingBox,0.54,315.0,1.0,True,in Brandenburg
Klimawandel und Anpassung/Projekte: Förderprojekte,hlnug-he,BoundingBox,0.37,43911.0,0.0,False,elsewhere
Topographische Karte 1 : 50 000 - Ausgabe Volkswirtschaft (1974-1982) 0708-3 Oranienburg,govdata,BoundingBox,0.55,301.0,1.0,True,in Brandenburg
Verfahrensschritte,website-lelf-bb,BoundingBox,0.36,58283.0,0.9844146725419,True,in Brandenburg
"Rodung in der Gemarkung Degerndorf, Gemeinde Brannenburg",uvp-verbund-by,BoundingBox,0.47,0.0,0.0,False,elsewhere
Zahlen und Fakten – Zahlen und Fakten: Acker- und Pflanzenbau,website-lelf-bb,BoundingBox,0.35,58283.0,0.9844146725419,True,in Brandenburg
Pflanzengesundheit,website-lelf-bb,BoundingBox,0.37,58283.0,0.9844146725419,True,in Brandenburg
"Feuerbakterium, Japankäfer und Co - Erschienen am 11.05.2022 - Erschienen unter der Rubrik/en Pflanzenschutz",website-lelf-bb,BoundingBox,0.37,58283.0,0.9844146725419,True,in Brandenburg
ATKIS - Digitales Basis-Landschaftsmodell - 4245-NO Schönewalde - Dubro,govdata,BoundingBox,0.58,32.0,1.0,True,in Brandenburg
Topographische Karte 1 : 100 000 - Ausgabe Staat (1983-1989) M-33-4 Lübben (Spreewald),govdata,BoundingBox,0.53,1268.0,1.0000000000000002,True,in Brandenburg
Topographische Karte 1 : 50 000 - Ausgabe Staat (1979-1989) N-33-121-D Brandenburg (Havel)-Kirchmöser,govdata,BoundingBox,0.53,303.0,1.0000000000000002,True,in Brandenburg
Topographische Karte 1 : 50 000 - Ausgabe Volkswirtschaft (1974-1982) 1009-3 Sonnewalde,govdata,BoundingBox,0.54,308.0,1.0,True,in Brandenburg
Topographische Karte 1 : 50 000 - Ausgabe Staat (1979-1989) N-33-99-D Hammelspring,govdata,BoundingBox,0.49,317.0,1.0000000000000002,True,in Brandenburg
Topographische Karte 1 : 50 000 - Ausgabe Staat (1979-1989) M-33-5-A Burg (Spreewald),govdata,BoundingBox,0.53,307.0,1.0,True,in Brandenburg
Topographische Karte 1 : 50 000 - Ausgabe Staat (1979-1989) N-33-126-A Kostrzyn,govdata,BoundingBox,0.49,321.0,1.0000000000000002,False,near Brandenburg (incl. Berlin)
Topographische Karte 1 : 50 000 - Ausgabe Volkswirtschaft (1974-1982) 0807-2 Nauen,govdata,BoundingBox,0.55,321.0,1.0,True,in Brandenburg
Topographische Karte 1 : 100 000 - Ausgabe Staat (1983-1989) N-33-98 Mirow,govdata,BoundingBox,0.49,1229.0,1.0,True,in Brandenburg
Topographische Karte 1 : 100 000 - Ausgabe Staat (1983-1989) N-33-88 Pasewalk,govdata,BoundingBox,0.49,1258.0,0.6785945371233283,False,near Brandenburg (incl. Berlin)
Topographische Karte 1 : 50 000 - Ausgabe Volkswirtschaft (1974-1982) 0710-4 Groß Neuendorf,govdata,BoundingBox,0.54,301.0,1.0,False,near Brandenburg (incl. Berlin)
Topographische Karte 1 : 50 000 - Ausgabe Volkswirtschaft (1974-1982) 1010-4 Cottbus,govdata,BoundingBox,0.54,308.0,1.0,True,in Brandenburg
Topographische Karte 1 : 50 000 - Ausgabe Staat (1979-1989) N-33-136-D Märkisch Buchholz,govdata,BoundingBox,0.49,325.0,1.0,True,in Brandenburg
Topographische Karte 1 : 50 000 - Ausgabe Volkswirtschaft (1974-1982) 1110-2 Spremberg,govdata,BoundingBox,0.54,329.0,1.0,True,in Brandenburg
basemap.de Topographische Karte 1 : 10 000 - 2847-NW Templin - Klosterwalde,govdata,BoundingBox,0.57,31.0,0.9999999999999999,True,in Brandenburg
Topographische Karte 1 : 50 000 - Ausgabe Volkswirtschaft (1974-1982) 0705-1 Wittenberge SW,govdata,BoundingBox,0.54,318.0,1.0,False,near Brandenburg (incl. Berlin)
Topographische Karte 1 : 100 000 - Ausgabe Staat (1983-1989) N-33-122 Brandenburg (Havel),govdata,BoundingBox,0.53,1286.0,1.0,True,in Brandenburg
Digitale Topographische Karte 1 : 10 000 (1986-2000) - 4245-NW Schönewalde - Grassau,govdata,BoundingBox,0.56,32.0,1.0000000000000002,True,in Brandenburg
Topographische Karte 1 : 50 000 - Ausgabe Staat (1979-1989) M-33-15-A Torgau,govdata,BoundingBox,0.49,328.0,1.0,False,near Brandenburg (incl. Berlin)
Topographische Karte 1 : 50 000 - Ausgabe Staat (1979-1989) M-33-4-B Lübben (Spreewald),govdata,BoundingBox,0.53,307.0,1.0,True,in Brandenburg
Zwei länderübergreifende Parks,uvk-be,BoundingBox,0.38,1717.0,1.0,False,near Brandenburg (incl. Berlin)
Empfehlungen bei hohen Ozon-Konzentrationen,uvk-be,BoundingBox,0.4,1717.0,1.0,False,near Brandenburg (incl. Berlin)
Topographische Karte 1 : 50 000 - Ausgabe Volkswirtschaft (1974-1982) 0810-1 Müncheberg,govdata,BoundingBox,0.54,321.0,1.0,True,in Brandenburg
Weg 2 - Spandauer Weg (33 km),uvk-be,BoundingBox,0.39,1717.0,1.0,False,near Brandenburg (incl. Berlin)
Topographische Karte 1 : 50 000 - Ausgabe Staat (1979-1989) N-33-123-A Berlin (West)-Spandau,govdata,BoundingBox,0.54,321.0,1.0,True,in Brandenburg
Topographische Karte 1 : 50 000 - Ausgabe Staat (1979-1989) N-33-110-C Friesack,govdata,BoundingBox,0.49,320.0,1.0,True,in Brandenburg
Topographische Karte 1 : 100 000 - Ausgabe Staat (1983-1989) N-33-125 Fürstenwalde (Spree),govdata,BoundingBox,0.53,1288.0,1.0,True,in Brandenburg
NSG Schöneberger Südgelände,uvk-be,BoundingBox,0.4,1717.0,1.0,False,near Brandenburg (incl. Berlin)
ATKIS - Digitales Basis-Landschaftsmodell - 4052-NO Staakower Wald,govdata,BoundingBox,0.58,32.0,1.0,True,in Brandenburg
Topographische Karte 1 : 50 000 - Ausgabe Staat (1979-1989) N-33-121-C Genthin,govdata,BoundingBox,0.49,322.0,1.0,False,near Brandenburg (incl. Berlin)
ATKIS - Digitales Basis-Landschaftsmodell - 4247-SO Sonnewalde - Zeckerin,govdata,BoundingBox,0.58,32.0,1.0000000000000002,True,in Brandenburg
Digitale Topographische Karte 1 : 10 000 (1986-2000) - 4146-SW Schönewalde - Knippelsdorf,govdata,BoundingBox,0.56,32.0,1.0,True,in Brandenburg
Topographische Karte 1 : 50 000 - Ausgabe Volkswirtschaft (1974-1982) 0606-2 Freyenstein,govdata,BoundingBox,0.54,297.0,1.0,True,in Brandenburg
Der Barnim,uvk-be,BoundingBox,0.38,1717.0,1.0,False,near Brandenburg (incl. Berlin)
"Brandeburgensis Marchae Descriptio 1588, Ortelius",govdata,BoundingBox,0.55,59781.0,0.9761959317268355,False,near Brandenburg (incl. Berlin)
Topographische Karte 1 : 10 000 - 4347-NO Sonnewalde (2004),govdata,BoundingBox,0.53,32.0,1.0000000000000002,True,in Brandenburg
Informationsgrundlagen für den vorsorgenden Bodenschutz,uvk-be,BoundingBox,0.4,1717.0,1.0,False,near Brandenburg (incl. Berlin)
Topographische Karte 1 : 50 000 - Ausgabe Staat (1979-1989) N-33-134-A Lehnin,govdata,BoundingBox,0.49,323.0,1.0,True,in Brandenburg
Topographische Karte 1 : 50 000 - Ausgabe Volkswirtschaft (1974-1982) 0506-3 Lübz,govdata,BoundingBox,0.54,189.0,1.0,False,near Brandenburg (incl. Berlin)
Topographische Karte 1 : 50 000 - Ausgabe Staat (1979-1989) N-33-135-C Luckenwalde,govdata,BoundingBox,0.49,325.0,1.0,True,in Brandenburg
Chronik der Freiraumentwicklung in Berlin,uvk-be,BoundingBox,0.41,1717.0,1.0,False,near Brandenburg (incl. Berlin)
Zuständigkeiten und Kontakte,uvk-be,BoundingBox,0.41,1717.0,1.0,False,near Brandenburg (incl. Berlin)
Mischwald für Berlin,uvk-be,BoundingBox,0.41,1717.0,1.0,False,near Brandenburg (incl. Berlin)
"Newsletter Zero Waste, Nr. 17",uvk-be,BoundingBox,0.38,1717.0,1.0,False,near Brandenburg (incl. Berlin)
Topographische Karte 1 : 50 000 - Ausgabe Staat (1979-1989) N-33-98-C Fretzdorf,govdata,BoundingBox,0.49,317.0,1.0,True,in Brandenburg
Ausstellung natürlich BERLIN! Berlins Naturschätze entdecken und schützen,uvk-be,BoundingBox,0.45,1717.0,1.0,False,near Brandenburg (incl. Berlin)
Hausbrand / Kleingewerbe,uvk-be,BoundingBox,0.41,1717.0,1.0,False,near Brandenburg (incl. Berlin)
Dathe-Gymnasium,uvk-be,BoundingBox,0.41,1717.0,1.0,False,near Brandenburg (incl. Berlin)
Netzwerk,uvk-be,BoundingBox,0.39,1717.0,1.0,False,near Brandenburg (incl. Berlin)
basemap.de Digitale Topographische Karte 1 : 10 000 - 4247-SO Sonnewalde - Zeckerin,govdata,BoundingBox,0.78,32.0,1.0000000000000002,True,in Brandenburg
Digitale Topographische Karte 1 : 25 000 - 4145 Schönewalde,govdata,BoundingBox,0.74,128.0,1.0,True,in Brandenburg
Topographische Karte 1 : 50 000 - Ausgabe Staat (1979-1989) M-33-4-C Sonnewalde,govdata,BoundingBox,0.49,327.0,1.0,True,in Brandenburg
Topographische Karte 1 : 50 000 - Ausgabe Volkswirtschaft (1974-1982) 0908-4 Wünsdorf,govdata,BoundingBox,0.54,325.0,1.0000000000000002,True,in Brandenburg
Topographische Karte 1 : 50 000 - Ausgabe Volkswirtschaft (1974-1982) 0509-4 Rollwitz,govdata,BoundingBox,0.54,315.0,1.0,True,in Brandenburg
Topographische Karte 1 : 50 000 - Ausgabe Staat (1979-1989) M-33-3-A Jüterbog,govdata,BoundingBox,0.49,307.0,0.9999999999999998,True,in Brandenburg
Topographische Karte 1 : 50 000 - Ausgabe Staat (1979-1989) N-33-126-C Frankfurt (Oder),govdata,BoundingBox,0.49,323.0,1.0,False,near Brandenburg (incl. Berlin)
Topographische Karte 1 : 50 000 - Ausgabe Volkswirtschaft (1974-1982) 1010-1 Burg (Spreewald),govdata,BoundingBox,0.55,326.0,1.0,True,in Brandenburg
Topographische Karte 1 : 50 000 - Ausgabe Staat (1979-1989) N-33-97-A Putlitz,govdata,BoundingBox,0.49,316.0,1.0000000000000002,True,in Brandenburg
Topographische Karte 1 : 50 000 - Ausgabe Staat (1979-1989) M-33-17-B Spremberg,govdata,BoundingBox,0.49,329.0,1.0,True,in Brandenburg
Topographische Karte 1 : 50 000 - Ausgabe Volkswirtschaft (1974-1982) 1009-1 Luckau,govdata,BoundingBox,0.55,326.0,1.0,True,in Brandenburg
Topographische Karte 1 : 50 000 - Ausgabe Volkswirtschaft (1974-1982) 1109-3 Elsterwerda,govdata,BoundingBox,0.54,330.0,0.7967332572848028,True,in Brandenburg
Topographische Karte 1 : 50 000 - Ausgabe Staat (1979-1989) N-33-113-D Mieszkowice,govdata,BoundingBox,0.49,301.0,1.0,False,near Brandenburg (incl. Berlin)
Topographische Karte 1 : 50 000 - Ausgabe Staat (1979-1989) N-33-138-A Brieskow Finkenheerd,govdata,BoundingBox,0.49,324.0,1.0,True,in Brandenburg
"Westliche Smaragdeidechse - Lacerta bilineata Daudin, 1802",lu-bw,BoundingBox,0.37,55157.0,0.0,False,elsewhere
Topographische Karte 1 : 50 000 - Ausgabe Volkswirtschaft (1974-1982) 1108-4 Gröditz,govdata,BoundingBox,0.54,329.0,0.7400835341231201,False,near Brandenburg (incl. Berlin)
Topographische Karte 1 : 50 000 - Ausgabe Staat (1979-1989) N-32-108-B Marnitz,govdata,BoundingBox,0.49,316.0,1.0,True,in Brandenburg
Topographische Karte 1 : 50 000 - Ausgabe Volkswirtschaft (1974-1982) 0710-3 Bad Freienwalde (Oder),govdata,BoundingBox,0.55,301.0,1.0,True,in Brandenburg
basemap.de Topographische Karte 1 : 10 000 - 4650-NW Schönewalde - Bernsdorf,govdata,BoundingBox,0.57,32.0,0.9992783837832843,False,near Brandenburg (incl. Berlin)
Digitale Topographische Karte 1 : 10 000 (1986-2000) - 3247-SW Bernau bei Berlin - Waldfrieden,govdata,BoundingBox,0.57,31.0,0.9999999999999999,True,in Brandenburg
FFH-Lebensraumtyp 2310 – Binnendünen mit Heiden,lu-bw,BoundingBox,0.37,55157.0,0.0,False,elsewhere
FFH-Lebensraumtyp 3150 – Natürliche nährstoffreiche Seen,lu-bw,BoundingBox,0.36,55157.0,0.0,False,elsewhere
FFH-Lebensraumtyp 7230 – Kalkreiche Niedermoore,lu-bw,BoundingBox,0.37,55157.0,0.0,False,elsewhere
Topographische Karte 1 : 50 000 - Ausgabe Volkswirtschaft (1974-1982) 0607-3 Fretzdorf,govdata,BoundingBox,0.54,317.0,1.0,True,in Brandenburg
Topographische Karte 1 : 50 000 - Ausgabe Volkswirtschaft (1974-1982) 1008-2 Dahme,govdata,BoundingBox,0.55,326.0,1.0,True,in Brandenburg
Geologischer Steckbrief - Mitteldeutsche Kristallinzone (PDF),website-bge,RegionIdentified,0.53,0.0,0.0,False,elsewhere
Digitale Topographische Landeskarte 1 : 250 000 – Normalausgabe,govdata,BoundingBox,0.8,61122.0,0.9645221154129152,True,in Brandenburg
Topographische Karte 1 : 50 000 - Ausgabe Volkswirtschaft (1974-1982) 0509-2 Pasewalk,govdata,BoundingBox,0.54,314.0,0.32739359670802004,False,near Brandenburg (incl. Berlin)
ATKIS - Digitales Basis-Landschaftsmodell - 4448-SW Lauchhammer - Grünewalde,govdata,BoundingBox,0.58,32.0,1.0,True,in Brandenburg
Topographische Karte 1 : 50 000 - Ausgabe Volkswirtschaft (1974-1982) 0907-1 Lehnin W,govdata,BoundingBox,0.54,304.0,0.9999999999999996,True,in Brandenburg
basemap.de Topographische Karte 1 : 10 000 - 4052-NO Staakower Wald,govdata,BoundingBox,0.57,32.0,1.0,True,in Brandenburg
Topographische Karte 1 : 50 000 - Ausgabe Staat (1979-1989) N-32-108-C Karstädt,govdata,BoundingBox,0.49,317.0,1.0,True,in Brandenburg
Topographische Karte 1 : 50 000 - Ausgabe Volkswirtschaft (1974-1982) 0909-4 Märkisch Buchholz,govdata,BoundingBox,0.54,325.0,1.0,True,in Brandenburg
Topographische Karte 1 : 50 000 - Ausgabe Staat (1979-1989) N-33-125-D Frankfurt (Oder) W,govdata,BoundingBox,0.49,304.0,1.0,True,in Brandenburg
Topographische Karte 1 : 50 000 - Ausgabe Staat (1979-1989) N-33-137-A Beeskow,govdata,BoundingBox,0.49,324.0,1.0,True,in Brandenburg
FFH-Lebensraumtyp 6410 – Pfeifengraswiesen,lu-bw,BoundingBox,0.36,55157.0,0.0,False,elsewhere
FFH-Lebensraumtyp 91U0 – Steppen-Kiefernwälder,lu-bw,BoundingBox,0.37,55157.0,0.0,False,elsewhere
"Sibirische Winterlibelle - Sympecma paedisca Brauer, 1877",lu-bw,BoundingBox,0.37,55157.0,0.0,False,elsewhere
Topographische Karte 1 : 10 000 - 4146-SW Schönewalde - Knippelsdorf (2004),govdata,BoundingBox,0.53,32.0,1.0,True,in Brandenburg
Topographische Karte 1 : 50 000 - Ausgabe Volkswirtschaft (1974-1982) 0606-4 Wittstock,govdata,BoundingBox,0.54,317.0,1.0,True,in Brandenburg
Topographische Karte 1 : 50 000 - Ausgabe Staat (1979-1989) N-33-111-C Oranienburg,govdata,BoundingBox,0.49,320.0,1.0,True,in Brandenburg
FFH-Lebensraumtyp 2330 – – Binnendünen mit Magerrasen,lu-bw,BoundingBox,0.37,55157.0,0.0,False,elsewhere
Topographische Karte 1 : 100 000 - Ausgabe Staat (1983-1989) N-33-121 Rathenow,govdata,BoundingBox,0.49,1285.0,1.0,False,near Brandenburg (incl. Berlin)
basemap.de Topographische Karte 1 : 10 000 - 4146-SW Schönewalde - Knippelsdorf,govdata,BoundingBox,0.57,32.0,1.0,True,in Brandenburg
Topographische Karte 1 : 50 000 - Ausgabe Staat (1979-1989) N-33-88-C Woldegk,govdata,BoundingBox,0.49,315.0,1.0,False,near Brandenburg (incl. Berlin)
Topographische Karte 1 : 50 000 - Ausgabe Staat (1979-1989) N-33-101-B Gryfino,govdata,BoundingBox,0.49,316.0,1.0,True,in Brandenburg
Topographische Karte 1 : 50 000 - Ausgabe Staat (1979-1989) M-33-16-D Lauchhammer,govdata,BoundingBox,0.49,310.0,0.845006466437714,True,in Brandenburg
Topographische Karte 1 : 50 000 - Ausgabe Staat (1979-1989) M-33-15-B Bad Liebenwerda,govdata,BoundingBox,0.49,328.0,1.0,True,in Brandenburg
ATKIS - Digitales Basis-Landschaftsmodell - 4347-NO Sonnewalde,govdata,BoundingBox,0.57,32.0,1.0000000000000002,True,in Brandenburg
Topographische Karte 1 : 50 000 - Ausgabe Staat (1979-1989) M-33-5-B Peitz,govdata,BoundingBox,0.49,307.0,1.0,True,in Brandenburg
Topographische Karte 1 : 50 000 - Ausgabe Staat (1979-1989) N-33-110-B Neuruppin,govdata,BoundingBox,0.49,300.0,1.0,True,in Brandenburg
Topographische Karte 1 : 50 000 - Ausgabe Staat (1979-1989) N-33-136-A Königs Wusterhausen,govdata,BoundingBox,0.49,324.0,1.0,True,in Brandenburg
Topographische Karte 1 : 50 000 - Ausgabe Volkswirtschaft (1974-1982) 0906-4 Wiesenburg,govdata,BoundingBox,0.54,324.0,1.0,True,in Brandenburg
ATKIS - Digitales Basis-Landschaftsmodell - 4145-SW Schönewalde,govdata,BoundingBox,0.58,32.0,1.0,True,in Brandenburg
Topographische Karte 1 : 50 000 - Ausgabe Staat (1979-1989) N-33-97-B Freyenstein,govdata,BoundingBox,0.49,316.0,1.0,True,in Brandenburg
rvSU-Arbeitsstand 2024 - Mitteldeutsche Kristallinzone (PDF),website-bge,RegionIdentified,0.51,0.0,0.0,False,elsewhere
Topographische Karte 1 : 25 000 - 4448 Lauchhammer - Grünewalde (2018),govdata,BoundingBox,0.54,129.0,1.0,True,in Brandenburg
Topographische Karte 1 : 50 000 - Ausgabe Volkswirtschaft (1974-1982) 0606-1 Putlitz,govdata,BoundingBox,0.54,297.0,1.0,True,in Brandenburg
Digitale Topographische Karte 1 : 10 000 (1986-2000) - 4247-SO Sonnewalde - Zeckerin,govdata,BoundingBox,0.56,32.0,1.0000000000000002,True,in Brandenburg
Topographische Karte 1 : 50 000 - Ausgabe Volkswirtschaft (1974-1982) 1110-3 Hoyerswerda,govdata,BoundingBox,0.55,330.0,0.9195751329372562,False,near Brandenburg (incl. Berlin)
Digitale Topographische Landeskarte 1 : 400 000 – Normalausgabe,govdata,BoundingBox,0.53,59771.0,0.9721763248074348,True,in Brandenburg
Topographische Karte 1 : 50 000 - Ausgabe Volkswirtschaft (1974-1982) 0808-4 Teltow,govdata,BoundingBox,0.54,322.0,1.0,False,near Brandenburg (incl. Berlin)
Topographische Karte 1 : 50 000 - Ausgabe Staat (1979-1989) N-33-125-C Fürstenwalde (Spree),govdata,BoundingBox,0.53,304.0,1.0000000000000002,True,in Brandenburg
Topographische Karte 1 : 50 000 - Ausgabe Staat (1979-1989) N-33-101-A Penkun,govdata,BoundingBox,0.49,316.0,1.0,True,in Brandenburg
Topographische Karte 1 : 100 000 - Ausgabe Staat (1983-1989) N-33-97 Wittstock,govdata,BoundingBox,0.49,1229.0,1.0,True,in Brandenburg
Topographische Karte 1 : 25 000 - Ausgabe Staat (1981-1989) M-33-16-D-d Grünewald,govdata,BoundingBox,0.5,75.0,0.7236945838856026,False,near Brandenburg (incl. Berlin)
Topographische Karte 1 : 50 000 - Ausgabe Staat (1979-1989) N-33-125-A Müncheberg,govdata,BoundingBox,0.49,321.0,1.0,True,in Brandenburg
Topographische Karte 1 : 100 000 - Ausgabe Staat (1983-1989) M-33-16 Finsterwalde,govdata,BoundingBox,0.49,1316.0,0.913559009005199,True,in Brandenburg
Topographische Karte 1 : 100 000 - Ausgabe Staat (1983-1989) N-33-101 Angermünde,govdata,BoundingBox,0.49,1231.0,1.0000000000000002,True,in Brandenburg
Topographische Karte 1 : 50 000 - Ausgabe Staat (1979-1989) M-33-16-A Finsterwalde,govdata,BoundingBox,0.49,328.0,1.0,True,in Brandenburg
Topographische Karte 1 : 50 000 - Ausgabe Volkswirtschaft (1974-1982) 0909-3 Baruth,govdata,BoundingBox,0.54,325.0,1.0,True,in Brandenburg
Topographische Karte 1 : 50 000 - Ausgabe Staat (1979-1989) M-33-17-C Hoyerswerda,govdata,BoundingBox,0.49,330.0,0.9195751329372562,False,near Brandenburg (incl. Berlin)
Topographische Karte 1 : 50 000 - Ausgabe Staat (1979-1989) N-33-136-B Storkow,govdata,BoundingBox,0.49,324.0,0.9999999999999998,True,in Brandenburg
Topographische Karte 1 : 50 000 - Ausgabe Volkswirtschaft (1974-1982) 1110-1 Senftenberg O,govdata,BoundingBox,0.54,328.0,1.0000000000000002,True,in Brandenburg
Topographische Karte 1 : 50 000 - Ausgabe Volkswirtschaft (1974-1982) 0607-1 Wredenhagen,govdata,BoundingBox,0.54,297.0,1.0,True,in Brandenburg
Topographische Karte 1 : 50 000 - Ausgabe Staat (1979-1989) N-33-138-D Weyzska,govdata,BoundingBox,0.49,325.0,0.3073411741293964,False,near Brandenburg (incl. Berlin)
Topographische Karte 1 : 50 000 - Ausgabe Staat (1979-1989) N-33-112-A Eberswalde-Finow W,govdata,BoundingBox,0.49,300.0,0.9999999999999998,True,in Brandenburg
basemap.de Topographische Karte 1 : 10 000 - 3246-SO Bernau bei Berlin - Waldsiedlung,govdata,BoundingBox,0.58,31.0,1.0,True,in Brandenburg
Topographische Karte 1 : 50 000 - Ausgabe Staat (1979-1989) M-33-5-D Cottbus,govdata,BoundingBox,0.53,327.0,1.0,True,in Brandenburg
Topographische Karte 1 : 100 000 - Ausgabe Staat (1983-1989) M-33-5 Cottbus,govdata,BoundingBox,0.53,1269.0,0.9999999999999998,True,in Brandenburg
Topographische Karte 1 : 50 000 - Ausgabe Staat (1979-1989) N-33-121-A Schönhausen (Elbe),govdata,BoundingBox,0.53,321.0,1.0000000000000002,False,near Brandenburg (incl. Berlin)
Topographische Karte 1 : 50 000 - Ausgabe Volkswirtschaft (1974-1982) 0709-4 Eberswalde S,govdata,BoundingBox,0.54,301.0,1.0,True,in Brandenburg
basemap.de Topographische Karte 1 : 10 000 - 3247-SW Bernau bei Berlin - Waldfrieden,govdata,BoundingBox,0.58,31.0,0.9999999999999999,True,in Brandenburg
Topographische Karte 1 : 50 000 - Ausgabe Volkswirtschaft (1974-1982) 0906-1 Tuchheim,govdata,BoundingBox,0.54,304.0,1.0,False,near Brandenburg (incl. Berlin)
Topographische Karte 1 : 50 000 - Ausgabe Staat (1979-1989) N-33-134-C Belzig,govdata,BoundingBox,0.49,324.0,0.9999999999999998,True,in Brandenburg
basemap.de Digitale Topographische Karte 1 : 10 000 - 3246-SO Bernau bei Berlin - Waldsiedlung,govdata,BoundingBox,0.79,31.0,1.0,True,in Brandenburg
Bebauungsplan Am Waldhang Wandlitz OT Lanke,govdata,BoundingBox,0.8,0.0,1.0,True,in Brandenburg
Topographische Karte 1 : 100 000 - Ausgabe Staat (1983-1989) N-33-124 Berlin O,govdata,BoundingBox,0.53,1287.0,1.0,True,in Brandenburg
ATKIS - Digitales Basis-Landschaftsmodell - 4650-NW Schönewalde - Bernsdorf,govdata,BoundingBox,0.57,32.0,0.9992783837832843,False,near Brandenburg (incl. Berlin)
Topographische Karte 1 : 100 000 - Ausgabe Staat (1983-1989) M-33-18 Weißwasser,govdata,BoundingBox,0.49,1317.0,0.5033774249849827,False,near Brandenburg (incl. Berlin)
Digitale Topographische Karte 1 : 25 000 (1989-1999) - 4145 Schönewalde,govdata,BoundingBox,0.56,128.0,1.0,True,in Brandenburg
Topographische Karte 1 : 50 000 - Ausgabe Staat (1979-1989) N-33-134-D Treuenbrietzen,govdata,BoundingBox,0.49,325.0,1.0,True,in Brandenburg
Topographische Karte 1 : 50 000 - Ausgabe Staat (1979-1989) N-33-122-B Nauen,govdata,BoundingBox,0.49,321.0,0.9999999999999997,True,in Brandenburg
basemap.de Topographische Karte 1 : 10 000 - 4245-NO Schönewalde - Dubro,govdata,BoundingBox,0.57,32.0,1.0,True,in Brandenburg
Topographische Karte 1 : 50 000 - Ausgabe Volkswirtschaft (1974-1982) 0608-2 Lychen,govdata,BoundingBox,0.55,298.0,0.9999999999999998,True,in Brandenburg
Topographische Karte 1 : 100 000 - Ausgabe Staat (1983-1989) N-33-136 Königs Wusterhausen,govdata,BoundingBox,0.49,1259.0,1.0,True,in Brandenburg
Topographische Karte 1 : 50 000 - Ausgabe Volkswirtschaft (1974-1982) 1008-1 Jüterbog,govdata,BoundingBox,0.54,326.0,1.0,True,in Brandenburg
Topographische Karte 1 : 100 000 - Ausgabe Staat (1983-1989) N-33-123 Berlin W,govdata,BoundingBox,0.53,1286.0,1.0,False,near Brandenburg (incl. Berlin)
Topographische Karte 1 : 50 000 - Ausgabe Volkswirtschaft (1974-1982) 0809-4 Rüdersdorf bei Berlin,govdata,BoundingBox,0.55,322.0,1.0,True,in Brandenburg
ATKIS - Digitales Basis-Landschaftsmodell - 2847-NW Templin - Klosterwalde,govdata,BoundingBox,0.57,31.0,0.9999999999999999,True,in Brandenburg
Topographische Karte 1 : 50 000 - Ausgabe Volkswirtschaft (1974-1982) 0810-2 Seelow,govdata,BoundingBox,0.54,321.0,1.0,True,in Brandenburg
Topographische Karte 1 : 50 000 - Ausgabe Staat (1979-1989) N-33-99-A Fürstenberg/Havel,govdata,BoundingBox,0.49,316.0,1.0,False,near Brandenburg (incl. Berlin)
Topographische Karte 1 : 50 000 - Ausgabe Staat (1979-1989) N-33-100-C Templin,govdata,BoundingBox,0.49,317.0,0.9999999999999998,True,in Brandenburg
Topographische Karte 1 : 10 000 - 2847-NW Klosterwalde (1996),govdata,BoundingBox,0.54,31.0,0.9999999999999999,True,in Brandenburg
Topographische Karte 1 : 10 000 - 3946-NW Horstwalde (1994),govdata,BoundingBox,0.53,32.0,1.0000000000000002,True,in Brandenburg
basemap.de Digitale Topographische Karte 1 : 10 000 - 4146-SW Schönewalde - Knippelsdorf,govdata,BoundingBox,0.78,32.0,1.0,True,in Brandenburg
Topographische Karte 1 : 50 000 - Ausgabe Staat (1979-1989) N-33-98-B Mirow,govdata,BoundingBox,0.49,297.0,1.0000000000000002,False,near Brandenburg (incl. Berlin)
basemap.de Topographische Karte 1 : 10 000 - 3946-NW Baruth/Mark - Horstwalde,govdata,BoundingBox,0.57,32.0,1.0000000000000002,True,in Brandenburg
Topographische Karte 1 : 50 000 - Ausgabe Volkswirtschaft (1974-1982) 0909-1 Königs Wusterhausen,govdata,BoundingBox,0.54,304.0,1.0,True,in Brandenburg
Topographische Karte 1 : 50 000 - Ausgabe Volkswirtschaft (1974-1982) 0806-2 Rathenow,govdata,BoundingBox,0.54,321.0,1.0,True,in Brandenburg
Topographische Karte 1 : 10 000 - 3246-SO Bernau bei Berlin - Waldsiedlung (2006),govdata,BoundingBox,0.54,31.0,1.0,True,in Brandenburg
Topographische Karte 1 : 50 000 - Ausgabe Staat (1979-1989) N-33-88-B Pasewalk,govdata,BoundingBox,0.49,314.0,0.32739359670802004,False,near Brandenburg (incl. Berlin)
Topographische Karte 1 : 50 000 - Ausgabe Staat (1979-1989) N-32-120-A Wittenberge W,govdata,BoundingBox,0.49,318.0,1.0,False,near Brandenburg (incl. Berlin)
Topographische Karte 1 : 50 000 - Ausgabe Staat (1979-1989) N-33-123-C Potsdam,govdata,BoundingBox,0.53,303.0,1.0,False,near Brandenburg (incl. Berlin)
Topographische Karte 1 : 50 000 - Ausgabe Staat (1979-1989) N-32-108-D Perleberg,govdata,BoundingBox,0.49,317.0,1.0,True,in Brandenburg
Topographische Karte 1 : 100 000 - Ausgabe Staat (1983-1989) N-33-111 Oranienburg,govdata,BoundingBox,0.49,1239.0,1.0,True,in Brandenburg
Topographische Karte 1 : 50 000 - Ausgabe Staat (1979-1989) M-33-18-A Weißwasser,govdata,BoundingBox,0.49,329.0,0.9999999999999998,True,in Brandenburg
Topographische Karte 1 : 50 000 - Ausgabe Volkswirtschaft (1974-1982) 1109-2 Senftenberg W,govdata,BoundingBox,0.54,328.0,1.0,True,in Brandenburg
Topographische Karte 1 : 50 000 - Ausgabe Staat (1979-1989) N-33-109-C Havelberg,govdata,BoundingBox,0.49,301.0,1.0,False,near Brandenburg (incl. Berlin)
Topographische Karte 1 : 50 000 - Ausgabe Volkswirtschaft (1974-1982) 0908-3 Luckenwalde,govdata,BoundingBox,0.55,325.0,0.9999999999999998,True,in Brandenburg
Topographische Karte 1 : 100 000 - Ausgabe Staat (1983-1989) M-33-6 Forst (Lausitz),govdata,BoundingBox,0.53,1269.0,0.5888275007965108,False,near Brandenburg (incl. Berlin)
Topographische Karte 1 : 50 000 - Ausgabe Volkswirtschaft (1974-1982) 0709-3 Bernau bei Berlin,govdata,BoundingBox,0.55,301.0,1.0,True,in Brandenburg
Topographische Karte 1 : 10 000 - 2847-NW Klosterwalde (2007),govdata,BoundingBox,0.54,31.0,0.9999999999999999,True,in Brandenburg
Topographische Karte 1 : 50 000 - Ausgabe Staat (1979-1989) N-33-99-B Lychen,govdata,BoundingBox,0.49,316.0,1.0000000000000002,True,in Brandenburg
Topographische Karte 1 : 50 000 - Ausgabe Volkswirtschaft (1974-1982) 0910-4 Friedland,govdata,BoundingBox,0.54,325.0,1.0000000000000002,True,in Brandenburg
basemap.de Topographische Karte 1 : 10 000 - 4348-NW Sonnewalde - Breitenau,govdata,BoundingBox,0.57,32.0,1.0,True,in Brandenburg
ATKIS - Digitales Basis-Landschaftsmodell - 4348-NW Sonnewalde - Breitenau,govdata,BoundingBox,0.58,32.0,1.0,True,in Brandenburg
Digitale Topographische Karte 1 : 10 000 (1986-2000) - 4145-SW Schönewalde,govdata,BoundingBox,0.56,32.0,1.0,True,in Brandenburg
Topographische Karte 1 : 50 000 - Ausgabe Staat (1979-1989) N-33-133-C Loburg,govdata,BoundingBox,0.49,324.0,1.0000000000000002,False,near Brandenburg (incl. Berlin)
Topographische Karte 1 : 50 000 - Ausgabe Volkswirtschaft (1974-1982) 0607-4 Rheinsberg (Mark),govdata,BoundingBox,0.54,317.0,1.0,True,in Brandenburg
Topographische Karte 1 : 50 000 - Ausgabe Staat (1979-1989) N-33-97-D Wittstock,govdata,BoundingBox,0.49,317.0,1.0,True,in Brandenburg
Topographische Karte 1 : 50 000 - Ausgabe Staat (1979-1989) M-33-16-C Elsterwerda,govdata,BoundingBox,0.49,310.0,0.7815804978339266,True,in Brandenburg
basemap.de Digitale Topographische Karte 1 : 10 000 - 4347-NO Sonnewalde,govdata,BoundingBox,0.78,32.0,1.0000000000000002,True,in Brandenburg
"Karten des Deutschen Reiches 1 : 25 000, Messtischblätter 3252 Bärwalde",govdata,BoundingBox,0.51,121.0,1.0,False,near Brandenburg (incl. Berlin)
Topographische Karte 1 : 50 000 - Ausgabe Volkswirtschaft (1974-1982) 0807-1 Nennhausen,govdata,BoundingBox,0.55,321.0,1.0,True,in Brandenburg
Topographische Karte 1 : 25 000 - 4145 Schönewalde (1993),govdata,BoundingBox,0.54,128.0,1.0,True,in Brandenburg
